epoch,elapsed_s,train_total_loss,train_box_loss,train_iou_loss,train_conf_loss,train_cls_loss,train_dfl_loss,train_l1_loss,val_box_loss,val_cls_loss,val_dfl_loss,precision,recall,map50,map50_95,lr,train_peak_allocated_mib,train_peak_reserved_mib,gpu_peak_allocated_mib,gpu_peak_reserved_mib
1,113.04169011116028,,0.5060994029045105,,,0.6296430230140686,1.179030179977417,,0.46911,0.5602,1.25945,1.0,0.99969,0.995,0.91391,0.0033156028368794325,4010.47802734375,4224.0,4010.47802734375,4224.0
2,214.6290740966797,,0.4508320391178131,,,0.3641614615917206,1.0645473003387451,,0.36029,0.332,1.07279,0.99969,1.0,0.995,0.95319,0.00658311170212766,3998.04443359375,4094.0,3998.04443359375,4094.0
3,314.8058776855469,,0.5298150777816772,,,0.4393578767776489,1.0978670120239258,,0.97234,1.15653,1.93939,0.91081,1.0,0.995,0.66344,0.009784620567375887,4000.35693359375,4098.0,4000.35693359375,4098.0
4,415.1583728790283,,0.5626510381698608,,,0.4251016080379486,1.1251462697982788,,0.41493,0.47143,1.1129,0.99534,1.0,0.995,0.9354,0.009703,4005.04443359375,4056.0,4005.04443359375,4056.0
5,514.4429562091827,,0.5365449786186218,,,0.37432506680488586,1.1099693775177002,,3.06137,1.52328,6.9059,0.87526,0.7641,0.85819,0.13939,0.009604,3999.23193359375,4056.0,3999.23193359375,4056.0
6,615.060308933258,,0.5130107402801514,,,0.3629612922668457,1.0835474729537964,,0.33765,0.27889,1.02314,0.9997,1.0,0.995,0.9536,0.009505,3999.23193359375,4056.0,3999.23193359375,4056.0
7,716.184709072113,,0.4886901378631592,,,0.34825393557548523,1.0612949132919312,,0.30654,0.26513,0.9989,0.99961,1.0,0.995,0.97175,0.009406,3999.23193359375,4056.0,3999.23193359375,4056.0
8,816.7975375652313,,0.4587438702583313,,,0.32956308126449585,1.0406962633132935,,0.23156,0.20407,0.91973,0.99971,1.0,0.995,0.98441,0.009307,3999.23193359375,4056.0,3999.23193359375,4056.0
9,917.4225032329559,,0.44591933488845825,,,0.32120105624198914,1.033006191253662,,0.25568,0.22303,0.94552,0.99968,1.0,0.995,0.99021,0.009208000000000001,3999.23193359375,4056.0,3999.23193359375,4056.0
10,1017.8848674297333,,0.4182935059070587,,,0.3073326349258423,1.0187116861343384,,1.08506,0.50976,2.90529,0.99485,1.0,0.995,0.6376,0.009109,3999.23193359375,4056.0,3999.23193359375,4056.0
11,1118.2774331569672,,0.41004371643066406,,,0.2941385805606842,1.017284631729126,,0.24525,0.20058,0.92889,0.99969,1.0,0.995,0.98205,0.00901,3999.23193359375,4056.0,3999.23193359375,4056.0
12,1218.409838438034,,0.3842213749885559,,,0.27789631485939026,1.0031847953796387,,0.22448,0.19013,0.91632,0.99965,1.0,0.995,0.98895,0.008911,3999.23193359375,4056.0,3999.23193359375,4056.0
13,1319.1979460716248,,0.3770449757575989,,,0.2841792404651642,0.9971305131912231,,0.20468,0.18425,0.91541,0.9997,1.0,0.995,0.99083,0.008812,3999.23193359375,4056.0,3999.23193359375,4056.0
14,1419.6485524177551,,0.37878963351249695,,,0.2805763781070709,1.0026664733886719,,0.22689,0.19469,0.92375,0.99958,1.0,0.995,0.98806,0.008713,3999.23193359375,4056.0,3999.23193359375,4056.0
15,1519.3352389335632,,0.3680485486984253,,,0.2723888158798218,0.9976242780685425,,0.20649,0.17811,0.91781,0.99972,1.0,0.995,0.99083,0.008614,3999.23193359375,4056.0,3999.23193359375,4056.0
16,1620.3659150600433,,0.3520163297653198,,,0.25980669260025024,0.981332540512085,,0.19509,0.1747,0.89412,0.99972,1.0,0.995,0.98882,0.008515,3999.23193359375,4056.0,3999.23193359375,4056.0
17,1721.1334207057953,,0.34385401010513306,,,0.2624571919441223,0.9789036512374878,,0.46726,0.3036,1.26034,0.99972,1.0,0.995,0.87396,0.008416,3999.23193359375,4056.0,3999.23193359375,4056.0
18,1822.0452427864075,,0.3301093578338623,,,0.24617086350917816,0.9667266607284546,,0.20765,0.16291,0.90827,0.99972,1.0,0.995,0.99361,0.008317,3999.23193359375,4056.0,3999.23193359375,4056.0
19,1922.1069996356964,,0.32319921255111694,,,0.2455682009458542,0.9713636636734009,,0.18729,0.14687,0.89081,0.99972,1.0,0.995,0.99258,0.008218000000000001,3999.23193359375,4056.0,3999.23193359375,4056.0
20,2022.8939726352692,,0.3233793079853058,,,0.24326971173286438,0.9724355340003967,,0.16331,0.17161,0.87646,0.99969,1.0,0.995,0.99379,0.008119000000000001,3999.23193359375,4056.0,3999.23193359375,4056.0
21,2123.614260196686,,0.3102824091911316,,,0.23641057312488556,0.9680230021476746,,0.19203,0.15226,0.90023,0.99972,1.0,0.995,0.99216,0.008020000000000001,3999.23193359375,4056.0,3999.23193359375,4056.0
22,2223.692045211792,,0.3070050776004791,,,0.23275433480739594,0.9661571979522705,,0.18741,0.14232,0.8897,0.99972,1.0,0.995,0.98422,0.007921000000000001,3999.23193359375,4056.0,3999.23193359375,4056.0
23,2324.6526448726654,,0.3006281554698944,,,0.22693729400634766,0.9611660838127136,,0.182,0.14931,0.8865,0.99967,1.0,0.995,0.99484,0.007822,3999.23193359375,4056.0,3999.23193359375,4056.0
24,2424.871645927429,,0.30055901408195496,,,0.22804604470729828,0.9581535458564758,,0.16964,0.1598,0.87998,0.99965,1.0,0.995,0.99322,0.007723,3999.23193359375,4056.0,3999.23193359375,4056.0
25,2525.4505491256714,,0.29192063212394714,,,0.22363032400608063,0.9553824067115784,,0.16033,0.16927,0.88006,0.99971,1.0,0.995,0.99384,0.007624,3999.23193359375,4056.0,3999.23193359375,4056.0
26,2625.7372024059296,,0.288186252117157,,,0.21861520409584045,0.9551317691802979,,0.17062,0.14952,0.87578,0.99972,1.0,0.995,0.99269,0.007525,3999.23193359375,4056.0,3999.23193359375,4056.0
27,2726.3973865509033,,0.2861022651195526,,,0.21596872806549072,0.9531111121177673,,0.1537,0.12403,0.87073,1.0,1.0,0.995,0.99342,0.007426,3999.23193359375,4056.0,3999.23193359375,4056.0
28,2826.6872222423553,,0.27981817722320557,,,0.21540294587612152,0.9461634755134583,,0.16533,0.12485,0.87706,0.99972,1.0,0.995,0.99321,0.007327,3999.23193359375,4056.0,3999.23193359375,4056.0
29,2929.944007396698,,0.2708202600479126,,,0.2090206891298294,0.9447380900382996,,0.92094,0.47637,1.9618,0.99641,0.99487,0.995,0.74574,0.007228,3999.23193359375,4056.0,3999.23193359375,4056.0
30,3031.3988053798676,,0.2723318040370941,,,0.21281041204929352,0.9396476745605469,,0.16976,0.14171,0.88074,0.99972,1.0,0.995,0.99273,0.007129,3999.23193359375,4056.0,3999.23193359375,4056.0
31,3133.890814304352,,0.2693641185760498,,,0.20738714933395386,0.9494428038597107,,0.26592,0.17877,0.98253,0.99972,1.0,0.995,0.97222,0.00703,3999.23193359375,4056.0,3999.23193359375,4056.0
32,3237.418249607086,,0.26773524284362793,,,0.20604543387889862,0.9434884190559387,,0.15022,0.14365,0.86836,0.99799,1.0,0.995,0.99326,0.006931,3999.23193359375,4056.0,3999.23193359375,4056.0
33,3339.1993374824524,,0.2594236433506012,,,0.19967591762542725,0.938885509967804,,0.61659,0.44445,1.49116,0.99086,1.0,0.99495,0.79333,0.0068319999999999995,3999.23193359375,4056.0,3999.23193359375,4056.0
34,3444.4522511959076,,0.2533510625362396,,,0.1992797553539276,0.9430527687072754,,0.19308,0.16841,0.89713,0.99953,1.0,0.995,0.99165,0.006732999999999999,3999.23193359375,4056.0,3999.23193359375,4056.0
35,3545.783430814743,,0.25255897641181946,,,0.1971569061279297,0.9333170056343079,,0.16232,0.13116,0.87507,0.99972,1.0,0.995,0.99342,0.006633999999999999,3999.23193359375,4056.0,3999.23193359375,4056.0
36,3646.534965276718,,0.2459854930639267,,,0.19479238986968994,0.9382520318031311,,0.14024,0.11945,0.86144,0.99972,1.0,0.995,0.99479,0.006535,3999.23193359375,4056.0,3999.23193359375,4056.0
37,3747.075809240341,,0.24708083271980286,,,0.19166791439056396,0.935949981212616,,0.17256,0.13181,0.88683,0.99972,1.0,0.995,0.985,0.006436000000000001,3999.23193359375,4056.0,3999.23193359375,4056.0
38,3847.70374751091,,0.24601168930530548,,,0.19434016942977905,0.9337919354438782,,0.15762,0.14707,0.87485,0.99972,1.0,0.995,0.98907,0.006337000000000001,3999.23193359375,4056.0,3999.23193359375,4056.0
39,3948.9090163707733,,0.24045491218566895,,,0.18580172955989838,0.93281090259552,,0.14232,0.14933,0.86934,0.99972,1.0,0.995,0.99268,0.0062380000000000005,3999.23193359375,4056.0,3999.23193359375,4056.0
40,4051.64462518692,,0.24045981466770172,,,0.19259893894195557,0.9356120824813843,,0.49916,0.3578,1.54311,0.99905,1.0,0.995,0.88193,0.006139,3999.23193359375,4056.0,3999.23193359375,4056.0
41,4154.638677120209,,0.23305150866508484,,,0.18767200410366058,0.92647784948349,,0.16801,0.14256,0.87531,1.0,1.0,0.995,0.99194,0.00604,3999.23193359375,4056.0,3999.23193359375,4056.0
42,4257.479143857956,,0.230927973985672,,,0.1828242987394333,0.933440089225769,,0.15943,0.11966,0.87247,0.99972,1.0,0.995,0.98559,0.005941000000000001,3999.23193359375,4056.0,3999.23193359375,4056.0
43,4359.6087856292725,,0.2291649729013443,,,0.18351472914218903,0.926446259021759,,0.33962,0.25814,1.05524,0.99958,1.0,0.995,0.94611,0.005842000000000001,3999.23193359375,4056.0,3999.23193359375,4056.0
44,4462.231976509094,,0.23001644015312195,,,0.18081218004226685,0.9294154644012451,,0.14538,0.12377,0.86743,0.99865,1.0,0.995,0.99472,0.005743000000000001,3999.23193359375,4056.0,3999.23193359375,4056.0
45,4562.836735486984,,0.22270436584949493,,,0.17963075637817383,0.9260885119438171,,0.14078,0.12523,0.86265,0.99971,1.0,0.995,0.99479,0.005644000000000001,3999.23193359375,4056.0,3999.23193359375,4056.0
46,4663.001827478409,,0.22302359342575073,,,0.17884226143360138,0.9262489080429077,,0.18443,0.12563,0.89226,0.99971,1.0,0.995,0.98645,0.0055450000000000004,3999.23193359375,4056.0,3999.23193359375,4056.0
47,4765.690280199051,,0.22131115198135376,,,0.17701302468776703,0.9251828193664551,,0.15025,0.12768,0.86389,0.99972,1.0,0.995,0.99355,0.005446000000000001,3999.23193359375,4056.0,3999.23193359375,4056.0
48,4867.292501926422,,0.21391457319259644,,,0.17171147465705872,0.9243620038032532,,0.17141,0.11962,0.88869,0.99965,1.0,0.995,0.98494,0.005347000000000001,3999.23193359375,4056.0,3999.23193359375,4056.0
49,4968.9984130859375,,0.2137882113456726,,,0.17465442419052124,0.9184683561325073,,0.19865,0.14781,0.91462,0.99972,1.0,0.995,0.99231,0.005248000000000001,3999.23193359375,4056.0,3999.23193359375,4056.0
50,5069.137116909027,,0.21865257620811462,,,0.1765262335538864,0.9241552948951721,,0.13355,0.12276,0.86559,0.99972,1.0,0.995,0.99391,0.005149,3999.23193359375,4056.0,3999.23193359375,4056.0
51,5169.195281744003,,0.2068169116973877,,,0.16946099698543549,0.9198593497276306,,0.13196,0.11842,0.86235,0.99973,1.0,0.995,0.99359,0.00505,3999.23193359375,4056.0,3999.23193359375,4056.0
52,5269.307952880859,,0.20372654497623444,,,0.1654307097196579,0.9175320863723755,,0.14723,0.1076,0.86447,0.99973,1.0,0.995,0.98931,0.004951,3999.23193359375,4056.0,3999.23193359375,4056.0
53,5369.688406944275,,0.20659607648849487,,,0.16864344477653503,0.9215843081474304,,0.14296,0.12659,0.86218,0.99973,1.0,0.995,0.99338,0.0048519999999999995,3999.23193359375,4056.0,3999.23193359375,4056.0
54,5470.302207231522,,0.2028394192457199,,,0.16469311714172363,0.9172996878623962,,0.14974,0.12672,0.868,0.99973,1.0,0.995,0.99485,0.004753,3999.23193359375,4056.0,3999.23193359375,4056.0
55,5570.778058052063,,0.20427532494068146,,,0.16390348970890045,0.9166563153266907,,0.13223,0.09866,0.85978,0.99973,1.0,0.995,0.99379,0.004654,3999.23193359375,4056.0,3999.23193359375,4056.0
56,5671.16129899025,,0.1974097639322281,,,0.16109006106853485,0.9150134921073914,,0.11314,0.10401,0.85122,0.99973,1.0,0.995,0.99379,0.004555,3999.23193359375,4056.0,3999.23193359375,4056.0
57,5771.434119224548,,0.19213762879371643,,,0.1580469310283661,0.9097457528114319,,0.14378,0.1183,0.86725,0.99972,1.0,0.995,0.99356,0.004456,3999.23193359375,4056.0,3999.23193359375,4056.0
58,5871.673627853394,,0.19341953098773956,,,0.16459700465202332,0.9139650464057922,,0.1051,0.10162,0.84424,0.99972,1.0,0.995,0.9949,0.004357000000000001,3999.23193359375,4056.0,3999.23193359375,4056.0
59,5972.132682800293,,0.19554296135902405,,,0.16421058773994446,0.9164627194404602,,0.14904,0.12189,0.86546,0.99973,1.0,0.995,0.99472,0.0042580000000000005,3999.23193359375,4056.0,3999.23193359375,4056.0
60,6072.489490747452,,0.19301588833332062,,,0.15706191956996918,0.9167730808258057,,0.13754,0.11678,0.86161,1.0,1.0,0.995,0.98993,0.004159,3999.23193359375,4056.0,3999.23193359375,4056.0
61,6177.233834028244,,0.18943142890930176,,,0.15455913543701172,0.9115913510322571,,0.12188,0.10799,0.8524,0.99972,1.0,0.995,0.99284,0.00406,3999.23193359375,4056.0,3999.23193359375,4056.0
62,6281.466169118881,,0.1909782439470291,,,0.16085657477378845,0.9137409925460815,,0.10468,0.10011,0.85159,0.99973,1.0,0.995,0.9935,0.003961,3999.23193359375,4056.0,3999.23193359375,4056.0
63,6381.918366193771,,0.18413858115673065,,,0.1597377359867096,0.9127759337425232,,0.11759,0.10942,0.8513,0.99973,1.0,0.995,0.99483,0.003862,3999.23193359375,4056.0,3999.23193359375,4056.0
64,6482.293566465378,,0.18908177316188812,,,0.16420432925224304,0.9164189100265503,,0.11366,0.09494,0.84803,0.99973,1.0,0.995,0.99463,0.0037630000000000003,3999.23193359375,4056.0,3999.23193359375,4056.0
65,6582.814615726471,,0.19164851307868958,,,0.16395290195941925,0.9131669998168945,,0.12002,0.09725,0.84915,0.99973,1.0,0.995,0.99487,0.003664,3999.23193359375,4056.0,3999.23193359375,4056.0
66,6683.213720560074,,0.18042103946208954,,,0.15267443656921387,0.9094533324241638,,0.11537,0.09898,0.84646,0.99973,1.0,0.995,0.995,0.003565,3999.23193359375,4056.0,3999.23193359375,4056.0
67,6783.763039112091,,0.1759960800409317,,,0.15482304990291595,0.9050910472869873,,0.10572,0.10588,0.84054,0.99973,1.0,0.995,0.995,0.003466,3999.23193359375,4056.0,3999.23193359375,4056.0
68,6884.2083213329315,,0.1732029765844345,,,0.150725856423378,0.9023855328559875,,0.09444,0.08876,0.83868,0.99973,1.0,0.995,0.995,0.0033669999999999993,3999.23193359375,4056.0,3999.23193359375,4056.0
69,6984.6911008358,,0.17120666801929474,,,0.1450456976890564,0.905206024646759,,0.09558,0.08182,0.83773,0.99973,1.0,0.995,0.995,0.003268,3999.23193359375,4056.0,3999.23193359375,4056.0
70,7085.174597978592,,0.17455098032951355,,,0.14495106041431427,0.9076480865478516,,0.10151,0.10306,0.84704,0.99973,1.0,0.995,0.99324,0.003169000000000001,3999.23193359375,4056.0,3999.23193359375,4056.0
71,7185.794348955154,,0.16666670143604279,,,0.1418078988790512,0.8980423808097839,,0.12309,0.09964,0.8477,0.99973,1.0,0.995,0.99474,0.0030700000000000007,3999.23193359375,4056.0,3999.23193359375,4056.0
72,7286.361845254898,,0.16608768701553345,,,0.14388006925582886,0.9018450379371643,,0.11548,0.09562,0.85613,0.99973,1.0,0.995,0.99305,0.0029710000000000006,3999.23193359375,4056.0,3999.23193359375,4056.0
73,7386.886822462082,,0.16117921471595764,,,0.13961632549762726,0.9040949940681458,,0.09885,0.08487,0.84344,0.99973,1.0,0.995,0.99492,0.002872,3999.23193359375,4056.0,3999.23193359375,4056.0
74,7487.278564453125,,0.16136875748634338,,,0.13465534150600433,0.9027740359306335,,0.09411,0.0819,0.8386,1.0,1.0,0.995,0.995,0.0027730000000000007,3999.23193359375,4056.0,3999.23193359375,4056.0
75,7587.702197790146,,0.1597987860441208,,,0.13589967787265778,0.904057502746582,,0.09851,0.08955,0.84127,0.99973,1.0,0.995,0.99498,0.002674,3999.23193359375,4056.0,3999.23193359375,4056.0
76,7688.396120071411,,0.16050714254379272,,,0.1349692940711975,0.8985127210617065,,0.09919,0.08835,0.84118,0.99973,1.0,0.995,0.99497,0.002575,3999.23193359375,4056.0,3999.23193359375,4056.0
77,7788.560471773148,,0.15531523525714874,,,0.1338849663734436,0.9005451202392578,,0.10278,0.08429,0.85008,0.99973,1.0,0.995,0.99329,0.002476,3999.23193359375,4056.0,3999.23193359375,4056.0
78,7888.943142652512,,0.15500479936599731,,,0.13569319248199463,0.9000365734100342,,0.09276,0.08039,0.83941,0.99973,1.0,0.995,0.99492,0.002377,3999.23193359375,4056.0,3999.23193359375,4056.0
79,7989.442430019379,,0.1487712860107422,,,0.12842635810375214,0.8984292149543762,,0.09451,0.08189,0.83591,1.0,1.0,0.995,0.995,0.0022779999999999996,3999.23193359375,4056.0,3999.23193359375,4056.0
80,8089.775251865387,,0.14960598945617676,,,0.12805971503257751,0.8997017741203308,,0.0904,0.08097,0.83457,1.0,1.0,0.995,0.995,0.002179,3999.23193359375,4056.0,3999.23193359375,4056.0
81,8190.602516889572,,0.14863207936286926,,,0.1316617727279663,0.8983146548271179,,0.0932,0.08142,0.84164,1.0,1.0,0.995,0.99326,0.00208,3999.23193359375,4056.0,3999.23193359375,4056.0
82,8291.154017686844,,0.1428130567073822,,,0.12505917251110077,0.8967834115028381,,0.09292,0.07721,0.8391,0.99973,1.0,0.995,0.99358,0.0019809999999999993,3999.23193359375,4056.0,3999.23193359375,4056.0
83,8392.119011163712,,0.14059829711914062,,,0.12262409925460815,0.9041545391082764,,0.08499,0.07934,0.83542,1.0,1.0,0.995,0.99485,0.0018820000000000006,3999.23193359375,4056.0,3999.23193359375,4056.0
84,8492.61775135994,,0.13729719817638397,,,0.12180669605731964,0.8947868347167969,,0.08699,0.07439,0.83793,1.0,1.0,0.995,0.99493,0.0017830000000000005,3999.23193359375,4056.0,3999.23193359375,4056.0
85,8593.025357961655,,0.13879920542240143,,,0.12286917120218277,0.8927901983261108,,0.09596,0.08574,0.84177,1.0,1.0,0.995,0.99484,0.0016840000000000006,3999.23193359375,4056.0,3999.23193359375,4056.0
86,8693.342360019684,,0.13713474571704865,,,0.1217283084988594,0.8949021697044373,,0.08333,0.07411,0.83623,1.0,1.0,0.995,0.99492,0.0015850000000000003,3999.23193359375,4056.0,3999.23193359375,4056.0
87,8793.416230678558,,0.1343262940645218,,,0.11702591180801392,0.8920988440513611,,0.0844,0.07897,0.83503,0.99973,1.0,0.995,0.99392,0.0014860000000000001,3999.23193359375,4056.0,3999.23193359375,4056.0
88,8893.893117666245,,0.1305968463420868,,,0.11758070439100266,0.8876968026161194,,0.09521,0.08473,0.84212,0.99973,1.0,0.995,0.99494,0.0013870000000000002,3999.23193359375,4056.0,3999.23193359375,4056.0
89,8994.042749404907,,0.12826626002788544,,,0.11391763389110565,0.88763028383255,,0.07585,0.06636,0.83449,0.99973,1.0,0.995,0.99495,0.001288,3999.23193359375,4056.0,3999.23193359375,4056.0
90,9094.31647157669,,0.12506769597530365,,,0.11364809423685074,0.8880259394645691,,0.07742,0.06874,0.83268,0.99973,1.0,0.995,0.99485,0.0011889999999999997,3999.23193359375,4056.0,3999.23193359375,4056.0
91,9191.449851751328,,0.08067135512828827,,,0.0802118107676506,0.8335821032524109,,0.07782,0.07344,0.8367,0.99973,1.0,0.995,0.99491,0.0010899999999999998,3999.23193359375,4056.0,3999.23193359375,4056.0
92,9288.731470823288,,0.07557277381420135,,,0.07453001290559769,0.8308933973312378,,0.10188,0.07469,0.85256,1.0,1.0,0.995,0.99354,0.0009909999999999997,3999.23193359375,4056.0,3999.23193359375,4056.0
93,9385.788438081741,,0.07213953882455826,,,0.07104716449975967,0.8239551186561584,,0.07548,0.07376,0.83233,0.99974,1.0,0.995,0.99474,0.0008919999999999996,3999.23193359375,4056.0,3999.23193359375,4056.0
94,9483.148146629333,,0.07141797244548798,,,0.07203734666109085,0.8272405862808228,,0.0781,0.07235,0.83256,1.0,1.0,0.995,0.995,0.0007929999999999994,3999.23193359375,4056.0,3999.23193359375,4056.0
95,9580.245679855347,,0.06839122623205185,,,0.06974165141582489,0.819475531578064,,0.07949,0.06871,0.83544,1.0,1.0,0.995,0.9936,0.0006940000000000005,3999.23193359375,4056.0,3999.23193359375,4056.0
96,9675.021345615387,,0.06696739047765732,,,0.06667157262563705,0.8251832723617554,,0.07009,0.06309,0.83248,1.0,1.0,0.995,0.99376,0.0005950000000000005,3999.23193359375,4056.0,3999.23193359375,4056.0
97,9772.155175685883,,0.062873974442482,,,0.0640784278512001,0.8194408416748047,,0.06574,0.06248,0.82801,1.0,1.0,0.995,0.99478,0.0004960000000000005,3999.23193359375,4056.0,3999.23193359375,4056.0
98,9869.266831874847,,0.061800580471754074,,,0.06352060288190842,0.8183414340019226,,0.06574,0.05914,0.82954,1.0,1.0,0.995,0.9947,0.00039700000000000027,3999.23193359375,4056.0,3999.23193359375,4056.0
99,9966.531795740128,,0.060356505215168,,,0.06262658536434174,0.8199914693832397,,0.06478,0.06104,0.82725,1.0,1.0,0.995,0.995,0.0002980000000000002,3999.23193359375,4056.0,3999.23193359375,4056.0
100,10063.589973211288,,0.06008928641676903,,,0.06210726499557495,0.82539302110672,,0.06403,0.055,0.8273,1.0,1.0,0.995,0.995,0.0001990000000000001,3999.23193359375,4056.0,3999.23193359375,4056.0
